{
  "JDBC Request" : {
    "transaction" : "JDBC Request",
    "sampleCount" : 1000,
    "errorCount" : 834,
    "errorPct" : 83.4,
    "meanResTime" : 4729.429000000003,
    "medianResTime" : 1830.5,
    "minResTime" : 1202.0,
    "maxResTime" : 23392.0,
    "pct1ResTime" : 18529.499999999996,
    "pct2ResTime" : 21149.5,
    "pct3ResTime" : 22914.91,
    "throughput" : 42.58037044922291,
    "receivedKBytesPerSec" : 6.570101261443475,
    "sentKBytesPerSec" : 0.0
  },
  "Total" : {
    "transaction" : "Total",
    "sampleCount" : 1000,
    "errorCount" : 834,
    "errorPct" : 83.4,
    "meanResTime" : 4729.429000000003,
    "medianResTime" : 1830.5,
    "minResTime" : 1202.0,
    "maxResTime" : 23392.0,
    "pct1ResTime" : 18529.499999999996,
    "pct2ResTime" : 21149.5,
    "pct3ResTime" : 22914.91,
    "throughput" : 42.58037044922291,
    "receivedKBytesPerSec" : 6.570101261443475,
    "sentKBytesPerSec" : 0.0
  }
}